Angulo_Rad,Radio_mm,Campo_mT
0.0,0.0,26.62
0.08726646259971647,0.0,26.57
0.17453292519943295,0.0,26.52
0.2617993877991494,0.0,26.47
0.3490658503988659,0.0,26.52
0.4363323129985824,0.0,26.47
0.5235987755982988,0.0,26.42
0.6108652381980153,0.0,26.42
0.6981317007977318,0.0,26.32
0.7853981633974483,0.0,26.32
0.8726646259971648,0.0,26.32
0.9599310885968813,0.0,26.28
1.0471975511965976,0.0,26.23
1.1344640137963142,0.0,26.18
1.2217304763960306,0.0,26.18
1.3089969389957472,0.0,26.13
1.3962634015954636,0.0,26.13
1.4835298641951802,0.0,26.13
1.5707963267948966,0.0,26.13
1.6580627893946132,0.0,26.13
1.7453292519943295,0.0,26.08
1.8325957145940461,0.0,26.13
1.9198621771937625,0.0,26.08
2.007128639793479,0.0,26.08
2.0943951023931953,0.0,26.13
2.181661564992912,0.0,26.18
2.2689280275926285,0.0,26.13
2.356194490192345,0.0,26.13
2.443460952792061,0.0,26.18
2.530727415391778,0.0,26.18
2.6179938779914944,0.0,26.23
2.705260340591211,0.0,26.23
2.792526803190927,0.0,26.28
2.8797932657906435,0.0,26.37
2.9670597283903604,0.0,26.42
3.0543261909900767,0.0,26.42
3.141592653589793,0.0,26.37
3.2288591161895095,0.0,26.42
3.3161255787892263,0.0,26.47
3.4033920413889427,0.0,26.52
3.490658503988659,0.0,26.47
3.5779249665883754,0.0,26.52
3.6651914291880923,0.0,26.52
3.7524578917878086,0.0,26.57
3.839724354387525,0.0,26.57
3.9269908169872414,0.0,26.57
4.014257279586958,0.0,26.52
4.101523742186674,0.0,26.62
4.1887902047863905,0.0,26.57
4.276056667386108,0.0,26.62
4.363323129985824,0.0,26.62
4.4505895925855405,0.0,26.62
4.537856055185257,0.0,26.67
4.625122517784973,0.0,26.72
4.71238898038469,0.0,26.67
4.799655442984406,0.0,26.67
4.886921905584122,0.0,26.76
4.974188368183839,0.0,26.76
5.061454830783556,0.0,26.72
5.1487212933832724,0.0,26.72
5.235987755982989,0.0,26.76
5.323254218582705,0.0,26.76
5.410520681182422,0.0,26.72
5.497787143782138,0.0,26.72
5.585053606381854,0.0,26.67
5.672320068981571,0.0,26.67
5.759586531581287,0.0,26.67
5.846852994181004,0.0,26.62
5.934119456780721,0.0,26.62
6.021385919380437,0.0,26.62
6.1086523819801535,0.0,26.62
6.19591884457987,0.0,26.57
0.0,2.0,27.59
0.08726646259971647,2.0,27.5
0.17453292519943295,2.0,27.3
0.2617993877991494,2.0,27.3
0.3490658503988659,2.0,27.16
0.4363323129985824,2.0,27.01
0.5235987755982988,2.0,26.86
0.6108652381980153,2.0,26.81
0.6981317007977318,2.0,26.72
0.7853981633974483,2.0,26.57
0.8726646259971648,2.0,26.52
0.9599310885968813,2.0,26.42
1.0471975511965976,2.0,26.23
1.1344640137963142,2.0,26.18
1.2217304763960306,2.0,26.03
1.3089969389957472,2.0,25.89
1.3962634015954636,2.0,25.84
1.4835298641951802,2.0,25.74
1.5707963267948966,2.0,25.69
1.6580627893946132,2.0,25.54
1.7453292519943295,2.0,25.45
1.8325957145940461,2.0,25.45
1.9198621771937625,2.0,25.35
2.007128639793479,2.0,25.3
2.0943951023931953,2.0,25.25
2.181661564992912,2.0,25.3
2.2689280275926285,2.0,25.15
2.356194490192345,2.0,25.25
2.443460952792061,2.0,25.3
2.530727415391778,2.0,25.25
2.6179938779914944,2.0,25.3
2.705260340591211,2.0,25.4
2.792526803190927,2.0,25.49
2.8797932657906435,2.0,25.49
2.9670597283903604,2.0,25.69
3.0543261909900767,2.0,25.79
3.141592653589793,2.0,25.79
3.2288591161895095,2.0,25.89
3.3161255787892263,2.0,25.93
3.4033920413889427,2.0,26.08
3.490658503988659,2.0,26.23
3.5779249665883754,2.0,26.52
3.6651914291880923,2.0,26.52
3.7524578917878086,2.0,26.52
3.839724354387525,2.0,26.62
3.9269908169872414,2.0,26.72
4.014257279586958,2.0,26.81
4.101523742186674,2.0,26.86
4.1887902047863905,2.0,27.11
4.276056667386108,2.0,27.2
4.363323129985824,2.0,27.25
4.4505895925855405,2.0,27.4
4.537856055185257,2.0,27.5
4.625122517784973,2.0,27.59
4.71238898038469,2.0,27.64
4.799655442984406,2.0,27.79
4.886921905584122,2.0,27.69
4.974188368183839,2.0,27.79
5.061454830783556,2.0,27.94
5.1487212933832724,2.0,27.99
5.235987755982989,2.0,28.08
5.323254218582705,2.0,28.03
5.410520681182422,2.0,28.08
5.497787143782138,2.0,28.08
5.585053606381854,2.0,28.03
5.672320068981571,2.0,28.08
5.759586531581287,2.0,28.03
5.846852994181004,2.0,27.99
5.934119456780721,2.0,27.99
6.021385919380437,2.0,27.84
6.1086523819801535,2.0,27.79
6.19591884457987,2.0,27.74
0.0,4.0,23.25
0.08726646259971647,4.0,22.95
0.17453292519943295,4.0,22.71
0.2617993877991494,4.0,22.47
0.3490658503988659,4.0,22.32
0.4363323129985824,4.0,22.17
0.5235987755982988,4.0,21.88
0.6108652381980153,4.0,21.73
0.6981317007977318,4.0,21.73
0.7853981633974483,4.0,21.39
0.8726646259971648,4.0,21.2
0.9599310885968813,4.0,21.05
1.0471975511965976,4.0,20.81
1.1344640137963142,4.0,20.46
1.2217304763960306,4.0,20.37
1.3089969389957472,4.0,20.17
1.3962634015954636,4.0,19.98
1.4835298641951802,4.0,19.68
1.5707963267948966,4.0,19.54
1.6580627893946132,4.0,19.34
1.7453292519943295,4.0,19.05
1.8325957145940461,4.0,18.95
1.9198621771937625,4.0,18.75
2.007128639793479,4.0,18.75
2.0943951023931953,4.0,18.66
2.181661564992912,4.0,18.41
2.2689280275926285,4.0,18.46
2.356194490192345,4.0,18.41
2.443460952792061,4.0,18.27
2.530727415391778,4.0,18.32
2.6179938779914944,4.0,18.61
2.705260340591211,4.0,18.46
2.792526803190927,4.0,18.61
2.8797932657906435,4.0,18.8
2.9670597283903604,4.0,18.75
3.0543261909900767,4.0,19.1
3.141592653589793,4.0,19.49
3.2288591161895095,4.0,19.54
3.3161255787892263,4.0,19.83
3.4033920413889427,4.0,19.93
3.490658503988659,4.0,20.22
3.5779249665883754,4.0,20.32
3.6651914291880923,4.0,20.46
3.7524578917878086,4.0,20.71
3.839724354387525,4.0,20.85
3.9269908169872414,4.0,21.05
4.014257279586958,4.0,21.25
4.101523742186674,4.0,21.29
4.1887902047863905,4.0,21.59
4.276056667386108,4.0,21.78
4.363323129985824,4.0,21.88
4.4505895925855405,4.0,22.03
4.537856055185257,4.0,22.27
4.625122517784973,4.0,22.47
4.71238898038469,4.0,22.61
4.799655442984406,4.0,22.76
4.886921905584122,4.0,22.95
4.974188368183839,4.0,23.05
5.061454830783556,4.0,23.25
5.1487212933832724,4.0,23.25
5.235987755982989,4.0,23.39
5.323254218582705,4.0,23.49
5.410520681182422,4.0,23.49
5.497787143782138,4.0,23.49
5.585053606381854,4.0,23.64
5.672320068981571,4.0,23.69
5.759586531581287,4.0,23.64
5.846852994181004,4.0,23.59
5.934119456780721,4.0,23.49
6.021385919380437,4.0,23.44
6.1086523819801535,4.0,23.39
6.19591884457987,4.0,23.39
0.0,6.0,14.02
0.08726646259971647,6.0,13.63
0.17453292519943295,6.0,13.33
0.2617993877991494,6.0,13.24
0.3490658503988659,6.0,12.75
0.4363323129985824,6.0,12.36
0.5235987755982988,6.0,12.45
0.6108652381980153,6.0,11.82
0.6981317007977318,6.0,11.33
0.7853981633974483,6.0,11.48
0.8726646259971648,6.0,11.09
0.9599310885968813,6.0,10.79
1.0471975511965976,6.0,10.7
1.1344640137963142,6.0,10.21
1.2217304763960306,6.0,9.82
1.3089969389957472,6.0,9.57
1.3962634015954636,6.0,9.33
1.4835298641951802,6.0,8.94
1.5707963267948966,6.0,8.55
1.6580627893946132,6.0,8.16
1.7453292519943295,6.0,7.81
1.8325957145940461,6.0,7.62
1.9198621771937625,6.0,7.33
2.007128639793479,6.0,6.98
2.0943951023931953,6.0,6.98
2.181661564992912,6.0,6.74
2.2689280275926285,6.0,6.3
2.356194490192345,6.0,6.54
2.443460952792061,6.0,6.45
2.530727415391778,6.0,6.25
2.6179938779914944,6.0,6.54
2.705260340591211,6.0,6.54
2.792526803190927,6.0,6.3
2.8797932657906435,6.0,6.45
2.9670597283903604,6.0,7.03
3.0543261909900767,6.0,7.03
3.141592653589793,6.0,7.72
3.2288591161895095,6.0,7.91
3.3161255787892263,6.0,8.06
3.4033920413889427,6.0,8.74
3.490658503988659,6.0,9.04
3.5779249665883754,6.0,9.43
3.6651914291880923,6.0,9.87
3.7524578917878086,6.0,10.11
3.839724354387525,6.0,10.6
3.9269908169872414,6.0,10.65
4.014257279586958,6.0,10.79
4.101523742186674,6.0,10.89
4.1887902047863905,6.0,10.94
4.276056667386108,6.0,11.04
4.363323129985824,6.0,11.09
4.4505895925855405,6.0,11.53
4.537856055185257,6.0,11.77
4.625122517784973,6.0,12.06
4.71238898038469,6.0,12.31
4.799655442984406,6.0,12.5
4.886921905584122,6.0,12.65
4.974188368183839,6.0,12.99
5.061454830783556,6.0,13.28
5.1487212933832724,6.0,13.38
5.235987755982989,6.0,13.68
5.323254218582705,6.0,13.92
5.410520681182422,6.0,14.02
5.497787143782138,6.0,14.11
5.585053606381854,6.0,14.21
5.672320068981571,6.0,14.31
5.759586531581287,6.0,14.36
5.846852994181004,6.0,14.36
5.934119456780721,6.0,14.41
6.021385919380437,6.0,14.26
6.1086523819801535,6.0,14.07
6.19591884457987,6.0,13.97
0.0,8.0,-0.05
0.08726646259971647,8.0,-0.63
0.17453292519943295,8.0,-0.83
0.2617993877991494,8.0,-0.93
0.3490658503988659,8.0,-1.22
0.4363323129985824,8.0,-1.56
0.5235987755982988,8.0,-2.25
0.6108652381980153,8.0,-2.3
0.6981317007977318,8.0,-2.74
0.7853981633974483,8.0,-3.32
0.8726646259971648,8.0,-3.08
0.9599310885968813,8.0,-3.22
1.0471975511965976,8.0,-3.86
1.1344640137963142,8.0,-3.86
1.2217304763960306,8.0,-4.35
1.3089969389957472,8.0,-4.98
1.3962634015954636,8.0,-5.23
1.4835298641951802,8.0,-5.67
1.5707963267948966,8.0,-6.15
1.6580627893946132,8.0,-6.45
1.7453292519943295,8.0,-6.94
1.8325957145940461,8.0,-7.42
1.9198621771937625,8.0,-7.77
2.007128639793479,8.0,-7.96
2.0943951023931953,8.0,-8.4
2.181661564992912,8.0,-8.55
2.2689280275926285,8.0,-8.64
2.356194490192345,8.0,-9.13
2.443460952792061,8.0,-8.74
2.530727415391778,8.0,-8.99
2.6179938779914944,8.0,-9.23
2.705260340591211,8.0,-8.79
2.792526803190927,8.0,-8.79
2.8797932657906435,8.0,-8.94
2.9670597283903604,8.0,-8.69
3.0543261909900767,8.0,-8.11
3.141592653589793,8.0,-8.01
3.2288591161895095,8.0,-7.37
3.3161255787892263,8.0,-6.84
3.4033920413889427,8.0,-6.5
3.490658503988659,8.0,-5.96
3.5779249665883754,8.0,-5.32
3.6651914291880923,8.0,-5.03
3.7524578917878086,8.0,-4.44
3.839724354387525,8.0,-4.1
3.9269908169872414,8.0,-3.91
4.014257279586958,8.0,-3.76
4.101523742186674,8.0,-3.76
4.1887902047863905,8.0,-3.52
4.276056667386108,8.0,-3.42
4.363323129985824,8.0,-3.32
4.4505895925855405,8.0,-3.37
4.537856055185257,8.0,-3.13
4.625122517784973,8.0,-2.83
4.71238898038469,8.0,-2.54
4.799655442984406,8.0,-2.2
4.886921905584122,8.0,-1.95
4.974188368183839,8.0,-1.71
5.061454830783556,8.0,-1.47
5.1487212933832724,8.0,-1.12
5.235987755982989,8.0,-0.93
5.323254218582705,8.0,-0.54
5.410520681182422,8.0,-0.39
5.497787143782138,8.0,-0.15
5.585053606381854,8.0,0.0
5.672320068981571,8.0,0.2
5.759586531581287,8.0,0.34
5.846852994181004,8.0,0.44
5.934119456780721,8.0,0.39
6.021385919380437,8.0,0.34
6.1086523819801535,8.0,0.34
6.19591884457987,8.0,0.2
0.0,10.0,-15.68
0.08726646259971647,10.0,-16.17
0.17453292519943295,10.0,-16.51
0.2617993877991494,10.0,-16.61
0.3490658503988659,10.0,-16.7
0.4363323129985824,10.0,-16.8
0.5235987755982988,10.0,-17.14
0.6108652381980153,10.0,-17.68
0.6981317007977318,10.0,-17.53
0.7853981633974483,10.0,-17.73
0.8726646259971648,10.0,-18.51
0.9599310885968813,10.0,-18.02
1.0471975511965976,10.0,-18.32
1.1344640137963142,10.0,-18.8
1.2217304763960306,10.0,-18.75
1.3089969389957472,10.0,-19.19
1.3962634015954636,10.0,-19.88
1.4835298641951802,10.0,-20.12
1.5707963267948966,10.0,-21.15
1.6580627893946132,10.0,-21.2
1.7453292519943295,10.0,-21.59
1.8325957145940461,10.0,-21.93
1.9198621771937625,10.0,-22.42
2.007128639793479,10.0,-22.66
2.0943951023931953,10.0,-22.86
2.181661564992912,10.0,-23.3
2.2689280275926285,10.0,-23.35
2.356194490192345,10.0,-23.44
2.443460952792061,10.0,-23.64
2.530727415391778,10.0,-23.54
2.6179938779914944,10.0,-23.54
2.705260340591211,10.0,-23.59
2.792526803190927,10.0,-23.44
2.8797932657906435,10.0,-23.44
2.9670597283903604,10.0,-23.44
3.0543261909900767,10.0,-23.2
3.141592653589793,10.0,-22.95
3.2288591161895095,10.0,-22.71
3.3161255787892263,10.0,-22.47
3.4033920413889427,10.0,-21.83
3.490658503988659,10.0,-21.68
3.5779249665883754,10.0,-21.2
3.6651914291880923,10.0,-21.15
3.7524578917878086,10.0,-20.9
3.839724354387525,10.0,-19.68
3.9269908169872414,10.0,-19.44
4.014257279586958,10.0,-19.05
4.101523742186674,10.0,-18.95
4.1887902047863905,10.0,-18.9
4.276056667386108,10.0,-18.85
4.363323129985824,10.0,-18.75
4.4505895925855405,10.0,-18.71
4.537856055185257,10.0,-18.71
4.625122517784973,10.0,-18.51
4.71238898038469,10.0,-18.22
4.799655442984406,10.0,-18.02
4.886921905584122,10.0,-17.78
4.974188368183839,10.0,-17.48
5.061454830783556,10.0,-17.34
5.1487212933832724,10.0,-17.09
5.235987755982989,10.0,-16.95
5.323254218582705,10.0,-16.61
5.410520681182422,10.0,-16.46
5.497787143782138,10.0,-16.26
5.585053606381854,10.0,-16.07
5.672320068981571,10.0,-15.87
5.759586531581287,10.0,-15.73
5.846852994181004,10.0,-15.68
5.934119456780721,10.0,-15.58
6.021385919380437,10.0,-15.63
6.1086523819801535,10.0,-15.58
6.19591884457987,10.0,-15.68
0.0,12.0,-29.89
0.08726646259971647,12.0,-30.13
0.17453292519943295,12.0,-30.38
0.2617993877991494,12.0,-30.53
0.3490658503988659,12.0,-30.62
0.4363323129985824,12.0,-30.53
0.5235987755982988,12.0,-30.53
0.6108652381980153,12.0,-30.53
0.6981317007977318,12.0,-31.01
0.7853981633974483,12.0,-30.67
0.8726646259971648,12.0,-30.82
0.9599310885968813,12.0,-31.31
1.0471975511965976,12.0,-31.16
1.1344640137963142,12.0,-31.26
1.2217304763960306,12.0,-31.7
1.3089969389957472,12.0,-31.6
1.3962634015954636,12.0,-32.04
1.4835298641951802,12.0,-32.63
1.5707963267948966,12.0,-32.77
1.6580627893946132,12.0,-32.97
1.7453292519943295,12.0,-33.31
1.8325957145940461,12.0,-33.6
1.9198621771937625,12.0,-33.8
2.007128639793479,12.0,-34.19
2.0943951023931953,12.0,-34.33
2.181661564992912,12.0,-34.38
2.2689280275926285,12.0,-34.53
2.356194490192345,12.0,-34.48
2.443460952792061,12.0,-34.63
2.530727415391778,12.0,-34.92
2.6179938779914944,12.0,-34.87
2.705260340591211,12.0,-34.73
2.792526803190927,12.0,-34.87
2.8797932657906435,12.0,-34.68
2.9670597283903604,12.0,-34.48
3.0543261909900767,12.0,-34.63
3.141592653589793,12.0,-34.43
3.2288591161895095,12.0,-34.38
3.3161255787892263,12.0,-34.24
3.4033920413889427,12.0,-34.24
3.490658503988659,12.0,-33.8
3.5779249665883754,12.0,-33.65
3.6651914291880923,12.0,-33.55
3.7524578917878086,12.0,-33.26
3.839724354387525,12.0,-33.06
3.9269908169872414,12.0,-32.82
4.014257279586958,12.0,-32.67
4.101523742186674,12.0,-32.28
4.1887902047863905,12.0,-32.09
4.276056667386108,12.0,-32.04
4.363323129985824,12.0,-31.84
4.4505895925855405,12.0,-31.89
4.537856055185257,12.0,-31.94
4.625122517784973,12.0,-31.99
4.71238898038469,12.0,-31.7
4.799655442984406,12.0,-31.5
4.886921905584122,12.0,-31.31
4.974188368183839,12.0,-31.21
5.061454830783556,12.0,-31.11
5.1487212933832724,12.0,-30.87
5.235987755982989,12.0,-30.62
5.323254218582705,12.0,-30.53
5.410520681182422,12.0,-30.43
5.497787143782138,12.0,-30.38
5.585053606381854,12.0,-30.33
5.672320068981571,12.0,-30.09
5.759586531581287,12.0,-29.99
5.846852994181004,12.0,-29.94
5.934119456780721,12.0,-29.89
6.021385919380437,12.0,-29.74
6.1086523819801535,12.0,-29.79
6.19591884457987,12.0,-29.74
0.0,14.0,-39.32
0.08726646259971647,14.0,-39.56
0.17453292519943295,14.0,-39.56
0.2617993877991494,14.0,-39.85
0.3490658503988659,14.0,-39.85
0.4363323129985824,14.0,-39.85
0.5235987755982988,14.0,-39.8
0.6108652381980153,14.0,-39.71
0.6981317007977318,14.0,-39.56
0.7853981633974483,14.0,-39.8
0.8726646259971648,14.0,-39.61
0.9599310885968813,14.0,-39.61
1.0471975511965976,14.0,-40.1
1.1344640137963142,14.0,-40.0
1.2217304763960306,14.0,-40.1
1.3089969389957472,14.0,-40.59
1.3962634015954636,14.0,-40.59
1.4835298641951802,14.0,-40.73
1.5707963267948966,14.0,-41.12
1.6580627893946132,14.0,-41.22
1.7453292519943295,14.0,-41.37
1.8325957145940461,14.0,-41.56
1.9198621771937625,14.0,-41.71
2.007128639793479,14.0,-41.86
2.0943951023931953,14.0,-42.05
2.181661564992912,14.0,-42.15
2.2689280275926285,14.0,-42.15
2.356194490192345,14.0,-42.2
2.443460952792061,14.0,-42.2
2.530727415391778,14.0,-42.25
2.6179938779914944,14.0,-42.3
2.705260340591211,14.0,-42.34
2.792526803190927,14.0,-42.2
2.8797932657906435,14.0,-42.2
2.9670597283903604,14.0,-42.15
3.0543261909900767,14.0,-41.9
3.141592653589793,14.0,-42.0
3.2288591161895095,14.0,-42.0
3.3161255787892263,14.0,-42.0
3.4033920413889427,14.0,-41.86
3.490658503988659,14.0,-41.86
3.5779249665883754,14.0,-41.56
3.6651914291880923,14.0,-41.42
3.7524578917878086,14.0,-41.56
3.839724354387525,14.0,-41.37
3.9269908169872414,14.0,-41.22
4.014257279586958,14.0,-41.12
4.101523742186674,14.0,-40.93
4.1887902047863905,14.0,-40.68
4.276056667386108,14.0,-40.63
4.363323129985824,14.0,-40.59
4.4505895925855405,14.0,-40.54
4.537856055185257,14.0,-40.44
4.625122517784973,14.0,-40.63
4.71238898038469,14.0,-40.63
4.799655442984406,14.0,-40.59
4.886921905584122,14.0,-40.39
4.974188368183839,14.0,-40.15
5.061454830783556,14.0,-39.95
5.1487212933832724,14.0,-39.8
5.235987755982989,14.0,-39.76
5.323254218582705,14.0,-39.71
5.410520681182422,14.0,-39.66
5.497787143782138,14.0,-39.61
5.585053606381854,14.0,-39.61
5.672320068981571,14.0,-39.71
5.759586531581287,14.0,-39.61
5.846852994181004,14.0,-39.56
5.934119456780721,14.0,-39.51
6.021385919380437,14.0,-39.46
6.1086523819801535,14.0,-39.27
6.19591884457987,14.0,-39.32
0.0,16.0,-46.54
0.08726646259971647,16.0,-46.64
0.17453292519943295,16.0,-46.64
0.2617993877991494,16.0,-46.74
0.3490658503988659,16.0,-46.74
0.4363323129985824,16.0,-46.74
0.5235987755982988,16.0,-46.74
0.6108652381980153,16.0,-46.69
0.6981317007977318,16.0,-46.64
0.7853981633974483,16.0,-46.54
0.8726646259971648,16.0,-46.69
0.9599310885968813,16.0,-46.59
1.0471975511965976,16.0,-46.59
1.1344640137963142,16.0,-46.84
1.2217304763960306,16.0,-46.79
1.3089969389957472,16.0,-46.79
1.3962634015954636,16.0,-46.89
1.4835298641951802,16.0,-46.89
1.5707963267948966,16.0,-46.94
1.6580627893946132,16.0,-47.03
1.7453292519943295,16.0,-47.08
1.8325957145940461,16.0,-47.08
1.9198621771937625,16.0,-47.08
2.007128639793479,16.0,-47.08
2.0943951023931953,16.0,-47.08
2.181661564992912,16.0,-47.13
2.2689280275926285,16.0,-47.08
2.356194490192345,16.0,-47.03
2.443460952792061,16.0,-47.03
2.530727415391778,16.0,-47.03
2.6179938779914944,16.0,-47.03
2.705260340591211,16.0,-47.13
2.792526803190927,16.0,-47.13
2.8797932657906435,16.0,-46.98
2.9670597283903604,16.0,-46.98
3.0543261909900767,16.0,-46.89
3.141592653589793,16.0,-46.89
3.2288591161895095,16.0,-46.89
3.3161255787892263,16.0,-46.89
3.4033920413889427,16.0,-46.94
3.490658503988659,16.0,-46.89
3.5779249665883754,16.0,-46.89
3.6651914291880923,16.0,-46.89
3.7524578917878086,16.0,-46.74
3.839724354387525,16.0,-46.89
3.9269908169872414,16.0,-46.84
4.014257279586958,16.0,-46.84
4.101523742186674,16.0,-46.74
4.1887902047863905,16.0,-46.79
4.276056667386108,16.0,-46.79
4.363323129985824,16.0,-46.69
4.4505895925855405,16.0,-46.54
4.537856055185257,16.0,-46.54
4.625122517784973,16.0,-46.5
4.71238898038469,16.0,-46.69
4.799655442984406,16.0,-46.64
4.886921905584122,16.0,-46.54
4.974188368183839,16.0,-46.5
5.061454830783556,16.0,-46.35
5.1487212933832724,16.0,-46.25
5.235987755982989,16.0,-46.25
5.323254218582705,16.0,-46.3
5.410520681182422,16.0,-46.3
5.497787143782138,16.0,-46.35
5.585053606381854,16.0,-46.35
5.672320068981571,16.0,-46.59
5.759586531581287,16.0,-46.59
5.846852994181004,16.0,-46.54
5.934119456780721,16.0,-46.59
6.021385919380437,16.0,-46.59
6.1086523819801535,16.0,-46.59
6.19591884457987,16.0,-46.59
0.0,18.0,-48.5
0.08726646259971647,18.0,-48.55
0.17453292519943295,18.0,-48.55
0.2617993877991494,18.0,-48.6
0.3490658503988659,18.0,-48.6
0.4363323129985824,18.0,-48.6
0.5235987755982988,18.0,-48.55
0.6108652381980153,18.0,-48.6
0.6981317007977318,18.0,-48.55
0.7853981633974483,18.0,-48.55
0.8726646259971648,18.0,-48.55
0.9599310885968813,18.0,-48.55
1.0471975511965976,18.0,-48.55
1.1344640137963142,18.0,-48.5
1.2217304763960306,18.0,-48.5
1.3089969389957472,18.0,-48.5
1.3962634015954636,18.0,-48.45
1.4835298641951802,18.0,-48.55
1.5707963267948966,18.0,-48.5
1.6580627893946132,18.0,-48.5
1.7453292519943295,18.0,-48.5
1.8325957145940461,18.0,-48.5
1.9198621771937625,18.0,-48.5
2.007128639793479,18.0,-48.5
2.0943951023931953,18.0,-48.5
2.181661564992912,18.0,-48.45
2.2689280275926285,18.0,-48.45
2.356194490192345,18.0,-48.45
2.443460952792061,18.0,-48.45
2.530727415391778,18.0,-48.4
2.6179938779914944,18.0,-48.4
2.705260340591211,18.0,-48.4
2.792526803190927,18.0,-48.4
2.8797932657906435,18.0,-48.45
2.9670597283903604,18.0,-48.3
3.0543261909900767,18.0,-48.25
3.141592653589793,18.0,-48.16
3.2288591161895095,18.0,-48.11
3.3161255787892263,18.0,-48.01
3.4033920413889427,18.0,-48.16
3.490658503988659,18.0,-48.11
3.5779249665883754,18.0,-48.11
3.6651914291880923,18.0,-48.16
3.7524578917878086,18.0,-48.06
3.839724354387525,18.0,-48.06
3.9269908169872414,18.0,-48.16
4.014257279586958,18.0,-48.16
4.101523742186674,18.0,-48.11
4.1887902047863905,18.0,-48.16
4.276056667386108,18.0,-48.16
4.363323129985824,18.0,-48.16
4.4505895925855405,18.0,-48.16
4.537856055185257,18.0,-48.16
4.625122517784973,18.0,-48.16
4.71238898038469,18.0,-48.16
4.799655442984406,18.0,-48.11
4.886921905584122,18.0,-48.16
4.974188368183839,18.0,-48.11
5.061454830783556,18.0,-48.11
5.1487212933832724,18.0,-48.06
5.235987755982989,18.0,-48.06
5.323254218582705,18.0,-48.11
5.410520681182422,18.0,-48.21
5.497787143782138,18.0,-48.35
5.585053606381854,18.0,-48.4
5.672320068981571,18.0,-48.45
5.759586531581287,18.0,-48.45
5.846852994181004,18.0,-48.45
5.934119456780721,18.0,-48.45
6.021385919380437,18.0,-48.45
6.1086523819801535,18.0,-48.5
6.19591884457987,18.0,-48.5
0.0,20.0,-48.94
0.08726646259971647,20.0,-48.99
0.17453292519943295,20.0,-49.04
0.2617993877991494,20.0,-49.08
0.3490658503988659,20.0,-49.08
0.4363323129985824,20.0,-49.04
0.5235987755982988,20.0,-49.04
0.6108652381980153,20.0,-48.99
0.6981317007977318,20.0,-49.04
0.7853981633974483,20.0,-49.04
0.8726646259971648,20.0,-49.04
0.9599310885968813,20.0,-48.94
1.0471975511965976,20.0,-48.94
1.1344640137963142,20.0,-48.99
1.2217304763960306,20.0,-48.89
1.3089969389957472,20.0,-48.79
1.3962634015954636,20.0,-48.84
1.4835298641951802,20.0,-48.74
1.5707963267948966,20.0,-48.69
1.6580627893946132,20.0,-48.69
1.7453292519943295,20.0,-48.6
1.8325957145940461,20.0,-48.5
1.9198621771937625,20.0,-48.5
2.007128639793479,20.0,-48.5
2.0943951023931953,20.0,-48.5
2.181661564992912,20.0,-48.5
2.2689280275926285,20.0,-48.45
2.356194490192345,20.0,-48.4
2.443460952792061,20.0,-48.4
2.530727415391778,20.0,-48.35
2.6179938779914944,20.0,-48.25
2.705260340591211,20.0,-48.3
2.792526803190927,20.0,-48.21
2.8797932657906435,20.0,-48.21
2.9670597283903604,20.0,-48.11
3.0543261909900767,20.0,-48.01
3.141592653589793,20.0,-47.91
3.2288591161895095,20.0,-47.77
3.3161255787892263,20.0,-47.67
3.4033920413889427,20.0,-47.72
3.490658503988659,20.0,-47.72
3.5779249665883754,20.0,-47.72
3.6651914291880923,20.0,-47.77
3.7524578917878086,20.0,-47.72
3.839724354387525,20.0,-47.77
3.9269908169872414,20.0,-47.72
4.014257279586958,20.0,-47.77
4.101523742186674,20.0,-47.77
4.1887902047863905,20.0,-47.81
4.276056667386108,20.0,-47.81
4.363323129985824,20.0,-47.86
4.4505895925855405,20.0,-47.96
4.537856055185257,20.0,-48.01
4.625122517784973,20.0,-48.01
4.71238898038469,20.0,-48.06
4.799655442984406,20.0,-47.96
4.886921905584122,20.0,-48.01
4.974188368183839,20.0,-48.06
5.061454830783556,20.0,-48.11
5.1487212933832724,20.0,-48.11
5.235987755982989,20.0,-48.16
5.323254218582705,20.0,-48.16
5.410520681182422,20.0,-48.21
5.497787143782138,20.0,-48.3
5.585053606381854,20.0,-48.45
5.672320068981571,20.0,-48.45
5.759586531581287,20.0,-48.55
5.846852994181004,20.0,-48.6
5.934119456780721,20.0,-48.6
6.021385919380437,20.0,-48.69
6.1086523819801535,20.0,-48.74
6.19591884457987,20.0,-48.84
0.0,22.0,-47.77
0.08726646259971647,22.0,-47.96
0.17453292519943295,22.0,-48.01
0.2617993877991494,22.0,-47.96
0.3490658503988659,22.0,-48.06
0.4363323129985824,22.0,-48.11
0.5235987755982988,22.0,-48.06
0.6108652381980153,22.0,-48.01
0.6981317007977318,22.0,-48.06
0.7853981633974483,22.0,-48.16
0.8726646259971648,22.0,-48.11
0.9599310885968813,22.0,-48.06
1.0471975511965976,22.0,-47.96
1.1344640137963142,22.0,-47.81
1.2217304763960306,22.0,-47.77
1.3089969389957472,22.0,-47.81
1.3962634015954636,22.0,-47.72
1.4835298641951802,22.0,-47.52
1.5707963267948966,22.0,-47.42
1.6580627893946132,22.0,-47.23
1.7453292519943295,22.0,-47.08
1.8325957145940461,22.0,-46.84
1.9198621771937625,22.0,-46.3
2.007128639793479,22.0,-46.2
2.0943951023931953,22.0,-46.35
2.181661564992912,22.0,-46.5
2.2689280275926285,22.0,-46.45
2.356194490192345,22.0,-46.35
2.443460952792061,22.0,-46.15
2.530727415391778,22.0,-46.11
2.6179938779914944,22.0,-45.86
2.705260340591211,22.0,-45.62
2.792526803190927,22.0,-45.47
2.8797932657906435,22.0,-45.42
2.9670597283903604,22.0,-45.32
3.0543261909900767,22.0,-45.18
3.141592653589793,22.0,-45.03
3.2288591161895095,22.0,-44.64
3.3161255787892263,22.0,-44.35
3.4033920413889427,22.0,-44.15
3.490658503988659,22.0,-44.0
3.5779249665883754,22.0,-44.0
3.6651914291880923,22.0,-44.1
3.7524578917878086,22.0,-44.1
3.839724354387525,22.0,-44.2
3.9269908169872414,22.0,-44.25
4.014257279586958,22.0,-44.4
4.101523742186674,22.0,-44.25
4.1887902047863905,22.0,-44.4
4.276056667386108,22.0,-44.44
4.363323129985824,22.0,-44.64
4.4505895925855405,22.0,-44.84
4.537856055185257,22.0,-45.18
4.625122517784973,22.0,-45.27
4.71238898038469,22.0,-45.32
4.799655442984406,22.0,-45.27
4.886921905584122,22.0,-45.23
4.974188368183839,22.0,-45.23
5.061454830783556,22.0,-45.27
5.1487212933832724,22.0,-45.32
5.235987755982989,22.0,-45.42
5.323254218582705,22.0,-45.52
5.410520681182422,22.0,-45.62
5.497787143782138,22.0,-46.06
5.585053606381854,22.0,-46.2
5.672320068981571,22.0,-46.35
5.759586531581287,22.0,-46.64
5.846852994181004,22.0,-46.89
5.934119456780721,22.0,-46.98
6.021385919380437,22.0,-47.28
6.1086523819801535,22.0,-47.37
6.19591884457987,22.0,-47.57
0.0,24.0,-36.43
0.08726646259971647,24.0,-36.63
0.17453292519943295,24.0,-36.83
0.2617993877991494,24.0,-36.92
0.3490658503988659,24.0,-36.92
0.4363323129985824,24.0,-37.17
0.5235987755982988,24.0,-37.17
0.6108652381980153,24.0,-36.97
0.6981317007977318,24.0,-36.78
0.7853981633974483,24.0,-36.83
0.8726646259971648,24.0,-37.17
0.9599310885968813,24.0,-37.12
1.0471975511965976,24.0,-37.02
1.1344640137963142,24.0,-36.87
1.2217304763960306,24.0,-36.53
1.3089969389957472,24.0,-36.19
1.3962634015954636,24.0,-36.58
1.4835298641951802,24.0,-36.34
1.5707963267948966,24.0,-35.51
1.6580627893946132,24.0,-35.7
1.7453292519943295,24.0,-35.12
1.8325957145940461,24.0,-34.43
1.9198621771937625,24.0,-34.04
2.007128639793479,24.0,-32.92
2.0943951023931953,24.0,-32.38
2.181661564992912,24.0,-32.97
2.2689280275926285,24.0,-33.31
2.356194490192345,24.0,-33.36
2.443460952792061,24.0,-33.16
2.530727415391778,24.0,-33.06
2.6179938779914944,24.0,-32.92
2.705260340591211,24.0,-32.92
2.792526803190927,24.0,-32.87
2.8797932657906435,24.0,-32.67
2.9670597283903604,24.0,-32.77
3.0543261909900767,24.0,-32.63
3.141592653589793,24.0,-32.19
3.2288591161895095,24.0,-32.04
3.3161255787892263,24.0,-31.65
3.4033920413889427,24.0,-31.31
3.490658503988659,24.0,-31.21
3.5779249665883754,24.0,-31.06
3.6651914291880923,24.0,-31.01
3.7524578917878086,24.0,-31.11
3.839724354387525,24.0,-31.11
3.9269908169872414,24.0,-31.21
4.014257279586958,24.0,-31.21
4.101523742186674,24.0,-31.4
4.1887902047863905,24.0,-31.31
4.276056667386108,24.0,-31.31
4.363323129985824,24.0,-31.5
4.4505895925855405,24.0,-31.6
4.537856055185257,24.0,-31.99
4.625122517784973,24.0,-32.28
4.71238898038469,24.0,-32.67
4.799655442984406,24.0,-32.63
4.886921905584122,24.0,-32.48
4.974188368183839,24.0,-32.28
5.061454830783556,24.0,-32.14
5.1487212933832724,24.0,-32.19
5.235987755982989,24.0,-32.33
5.323254218582705,24.0,-32.63
5.410520681182422,24.0,-32.87
5.497787143782138,24.0,-32.92
5.585053606381854,24.0,-32.97
5.672320068981571,24.0,-33.21
5.759586531581287,24.0,-33.11
5.846852994181004,24.0,-33.65
5.934119456780721,24.0,-34.04
6.021385919380437,24.0,-34.48
6.1086523819801535,24.0,-35.02
6.19591884457987,24.0,-35.41
0.0,26.0,-19.63
0.08726646259971647,26.0,-20.07
0.17453292519943295,26.0,-20.37
0.2617993877991494,26.0,-20.46
0.3490658503988659,26.0,-20.9
0.4363323129985824,26.0,-20.66
0.5235987755982988,26.0,-21.15
0.6108652381980153,26.0,-21.15
0.6981317007977318,26.0,-21.15
0.7853981633974483,26.0,-20.22
0.8726646259971648,26.0,-20.22
0.9599310885968813,26.0,-21.1
1.0471975511965976,26.0,-21.15
1.1344640137963142,26.0,-21.15
1.2217304763960306,26.0,-21.15
1.3089969389957472,26.0,-20.46
1.3962634015954636,26.0,-19.88
1.4835298641951802,26.0,-20.42
1.5707963267948966,26.0,-20.61
1.6580627893946132,26.0,-19.34
1.7453292519943295,26.0,-19.68
1.8325957145940461,26.0,-19.34
1.9198621771937625,26.0,-18.66
2.007128639793479,26.0,-18.71
2.0943951023931953,26.0,-17.97
2.181661564992912,26.0,-17.44
2.2689280275926285,26.0,-18.12
2.356194490192345,26.0,-18.36
2.443460952792061,26.0,-18.22
2.530727415391778,26.0,-18.36
2.6179938779914944,26.0,-18.41
2.705260340591211,26.0,-18.36
2.792526803190927,26.0,-18.32
2.8797932657906435,26.0,-18.51
2.9670597283903604,26.0,-18.32
3.0543261909900767,26.0,-18.41
3.141592653589793,26.0,-18.46
3.2288591161895095,26.0,-18.07
3.3161255787892263,26.0,-18.02
3.4033920413889427,26.0,-17.97
3.490658503988659,26.0,-17.63
3.5779249665883754,26.0,-17.48
3.6651914291880923,26.0,-17.53
3.7524578917878086,26.0,-17.39
3.839724354387525,26.0,-17.58
3.9269908169872414,26.0,-17.63
4.014257279586958,26.0,-17.83
4.101523742186674,26.0,-17.83
4.1887902047863905,26.0,-17.97
4.276056667386108,26.0,-18.02
4.363323129985824,26.0,-17.92
4.4505895925855405,26.0,-17.97
4.537856055185257,26.0,-17.97
4.625122517784973,26.0,-18.17
4.71238898038469,26.0,-18.36
4.799655442984406,26.0,-18.66
4.886921905584122,26.0,-18.56
4.974188368183839,26.0,-18.27
5.061454830783556,26.0,-18.02
5.1487212933832724,26.0,-17.97
5.235987755982989,26.0,-17.78
5.323254218582705,26.0,-17.78
5.410520681182422,26.0,-17.88
5.497787143782138,26.0,-18.02
5.585053606381854,26.0,-18.02
5.672320068981571,26.0,-17.97
5.759586531581287,26.0,-17.97
5.846852994181004,26.0,-18.02
5.934119456780721,26.0,-18.17
6.021385919380437,26.0,-18.27
6.1086523819801535,26.0,-18.61
6.19591884457987,26.0,-18.8
0.0,28.0,-7.18
0.08726646259971647,28.0,-7.47
0.17453292519943295,28.0,-7.67
0.2617993877991494,28.0,-7.81
0.3490658503988659,28.0,-7.86
0.4363323129985824,28.0,-7.86
0.5235987755982988,28.0,-7.86
0.6108652381980153,28.0,-7.91
0.6981317007977318,28.0,-7.91
0.7853981633974483,28.0,-7.86
0.8726646259971648,28.0,-7.81
0.9599310885968813,28.0,-7.81
1.0471975511965976,28.0,-7.86
1.1344640137963142,28.0,-7.96
1.2217304763960306,28.0,-8.11
1.3089969389957472,28.0,-8.01
1.3962634015954636,28.0,-8.01
1.4835298641951802,28.0,-7.81
1.5707963267948966,28.0,-7.96
1.6580627893946132,28.0,-7.96
1.7453292519943295,28.0,-7.62
1.8325957145940461,28.0,-7.72
1.9198621771937625,28.0,-7.72
2.007128639793479,28.0,-7.23
2.0943951023931953,28.0,-7.28
2.181661564992912,28.0,-7.13
2.2689280275926285,28.0,-6.94
2.356194490192345,28.0,-7.28
2.443460952792061,28.0,-7.47
2.530727415391778,28.0,-7.47
2.6179938779914944,28.0,-7.62
2.705260340591211,28.0,-7.72
2.792526803190927,28.0,-7.72
2.8797932657906435,28.0,-7.81
2.9670597283903604,28.0,-7.86
3.0543261909900767,28.0,-7.86
3.141592653589793,28.0,-7.91
3.2288591161895095,28.0,-7.96
3.3161255787892263,28.0,-7.91
3.4033920413889427,28.0,-7.81
3.490658503988659,28.0,-7.81
3.5779249665883754,28.0,-7.72
3.6651914291880923,28.0,-7.67
3.7524578917878086,28.0,-7.81
3.839724354387525,28.0,-7.77
3.9269908169872414,28.0,-7.81
4.014257279586958,28.0,-7.81
4.101523742186674,28.0,-7.86
4.1887902047863905,28.0,-7.86
4.276056667386108,28.0,-7.91
4.363323129985824,28.0,-8.11
4.4505895925855405,28.0,-7.86
4.537856055185257,28.0,-7.91
4.625122517784973,28.0,-7.96
4.71238898038469,28.0,-7.91
4.799655442984406,28.0,-7.91
4.886921905584122,28.0,-8.01
4.974188368183839,28.0,-7.86
5.061454830783556,28.0,-7.81
5.1487212933832724,28.0,-7.62
5.235987755982989,28.0,-7.47
5.323254218582705,28.0,-7.13
5.410520681182422,28.0,-7.03
5.497787143782138,28.0,-7.03
5.585053606381854,28.0,-7.03
5.672320068981571,28.0,-6.94
5.759586531581287,28.0,-6.89
5.846852994181004,28.0,-6.69
5.934119456780721,28.0,-6.69
6.021385919380437,28.0,-6.69
6.1086523819801535,28.0,-6.69
6.19591884457987,28.0,-6.89
0.0,30.0,-0.63
0.08726646259971647,30.0,-0.73
0.17453292519943295,30.0,-0.83
0.2617993877991494,30.0,-0.98
0.3490658503988659,30.0,-1.07
0.4363323129985824,30.0,-1.12
0.5235987755982988,30.0,-1.17
0.6108652381980153,30.0,-1.17
0.6981317007977318,30.0,-1.22
0.7853981633974483,30.0,-1.22
0.8726646259971648,30.0,-1.22
0.9599310885968813,30.0,-1.22
1.0471975511965976,30.0,-1.17
1.1344640137963142,30.0,-1.22
1.2217304763960306,30.0,-1.27
1.3089969389957472,30.0,-1.42
1.3962634015954636,30.0,-1.47
1.4835298641951802,30.0,-1.47
1.5707963267948966,30.0,-1.27
1.6580627893946132,30.0,-1.37
1.7453292519943295,30.0,-1.47
1.8325957145940461,30.0,-1.12
1.9198621771937625,30.0,-1.22
2.007128639793479,30.0,-1.27
2.0943951023931953,30.0,-1.07
2.181661564992912,30.0,-1.17
2.2689280275926285,30.0,-1.17
2.356194490192345,30.0,-1.07
2.443460952792061,30.0,-1.27
2.530727415391778,30.0,-1.47
2.6179938779914944,30.0,-1.51
2.705260340591211,30.0,-1.61
2.792526803190927,30.0,-1.66
2.8797932657906435,30.0,-1.61
2.9670597283903604,30.0,-1.71
3.0543261909900767,30.0,-1.86
3.141592653589793,30.0,-1.95
3.2288591161895095,30.0,-2.0
3.3161255787892263,30.0,-2.1
3.4033920413889427,30.0,-2.05
3.490658503988659,30.0,-1.95
3.5779249665883754,30.0,-2.1
3.6651914291880923,30.0,-2.0
3.7524578917878086,30.0,-2.0
3.839724354387525,30.0,-2.1
3.9269908169872414,30.0,-2.0
4.014257279586958,30.0,-2.05
4.101523742186674,30.0,-2.2
4.1887902047863905,30.0,-2.3
4.276056667386108,30.0,-2.2
4.363323129985824,30.0,-2.3
4.4505895925855405,30.0,-2.39
4.537856055185257,30.0,-2.25
4.625122517784973,30.0,-2.2
4.71238898038469,30.0,-2.25
4.799655442984406,30.0,-2.05
4.886921905584122,30.0,-2.15
4.974188368183839,30.0,-2.05
5.061454830783556,30.0,-1.9
5.1487212933832724,30.0,-1.66
5.235987755982989,30.0,-1.61
5.323254218582705,30.0,-1.56
5.410520681182422,30.0,-1.32
5.497787143782138,30.0,-1.17
5.585053606381854,30.0,-1.07
5.672320068981571,30.0,-1.03
5.759586531581287,30.0,-0.88
5.846852994181004,30.0,-0.73
5.934119456780721,30.0,-0.59
6.021385919380437,30.0,-0.54
6.1086523819801535,30.0,-0.49
6.19591884457987,30.0,-0.49
0.0,32.0,2.3
0.08726646259971647,32.0,2.25
0.17453292519943295,32.0,2.25
0.2617993877991494,32.0,2.1
0.3490658503988659,32.0,2.05
0.4363323129985824,32.0,1.9
0.5235987755982988,32.0,1.9
0.6108652381980153,32.0,1.81
0.6981317007977318,32.0,1.81
0.7853981633974483,32.0,1.76
0.8726646259971648,32.0,1.76
0.9599310885968813,32.0,1.81
1.0471975511965976,32.0,1.76
1.1344640137963142,32.0,1.81
1.2217304763960306,32.0,1.76
1.3089969389957472,32.0,1.61
1.3962634015954636,32.0,1.66
1.4835298641951802,32.0,1.56
1.5707963267948966,32.0,1.61
1.6580627893946132,32.0,1.61
1.7453292519943295,32.0,1.61
1.8325957145940461,32.0,1.56
1.9198621771937625,32.0,1.66
2.007128639793479,32.0,1.61
2.0943951023931953,32.0,1.56
2.181661564992912,32.0,1.56
2.2689280275926285,32.0,1.66
2.356194490192345,32.0,1.56
2.443460952792061,32.0,1.56
2.530727415391778,32.0,1.51
2.6179938779914944,32.0,1.47
2.705260340591211,32.0,1.42
2.792526803190927,32.0,1.32
2.8797932657906435,32.0,1.17
2.9670597283903604,32.0,1.12
3.0543261909900767,32.0,1.03
3.141592653589793,32.0,0.88
3.2288591161895095,32.0,0.83
3.3161255787892263,32.0,0.83
3.4033920413889427,32.0,0.73
3.490658503988659,32.0,0.73
3.5779249665883754,32.0,0.73
3.6651914291880923,32.0,0.68
3.7524578917878086,32.0,0.68
3.839724354387525,32.0,0.73
3.9269908169872414,32.0,0.59
4.014257279586958,32.0,0.63
4.101523742186674,32.0,0.68
4.1887902047863905,32.0,0.54
4.276056667386108,32.0,0.44
4.363323129985824,32.0,0.59
4.4505895925855405,32.0,0.49
4.537856055185257,32.0,0.49
4.625122517784973,32.0,0.63
4.71238898038469,32.0,0.63
4.799655442984406,32.0,0.68
4.886921905584122,32.0,0.73
4.974188368183839,32.0,0.78
5.061454830783556,32.0,0.78
5.1487212933832724,32.0,0.83
5.235987755982989,32.0,1.03
5.323254218582705,32.0,1.12
5.410520681182422,32.0,1.32
5.497787143782138,32.0,1.47
5.585053606381854,32.0,1.56
5.672320068981571,32.0,1.56
5.759586531581287,32.0,1.71
5.846852994181004,32.0,1.86
5.934119456780721,32.0,2.0
6.021385919380437,32.0,2.05
6.1086523819801535,32.0,2.15
6.19591884457987,32.0,2.3
0.0,34.0,3.57
0.08726646259971647,34.0,3.52
0.17453292519943295,34.0,3.52
0.2617993877991494,34.0,3.52
0.3490658503988659,34.0,3.47
0.4363323129985824,34.0,3.37
0.5235987755982988,34.0,3.37
0.6108652381980153,34.0,3.27
0.6981317007977318,34.0,3.27
0.7853981633974483,34.0,3.17
0.8726646259971648,34.0,3.22
0.9599310885968813,34.0,3.22
1.0471975511965976,34.0,3.22
1.1344640137963142,34.0,3.17
1.2217304763960306,34.0,3.17
1.3089969389957472,34.0,3.17
1.3962634015954636,34.0,3.13
1.4835298641951802,34.0,3.13
1.5707963267948966,34.0,3.13
1.6580627893946132,34.0,3.08
1.7453292519943295,34.0,3.08
1.8325957145940461,34.0,3.08
1.9198621771937625,34.0,3.13
2.007128639793479,34.0,3.08
2.0943951023931953,34.0,3.08
2.181661564992912,34.0,3.08
2.2689280275926285,34.0,3.08
2.356194490192345,34.0,3.13
2.443460952792061,34.0,3.08
2.530727415391778,34.0,3.03
2.6179938779914944,34.0,2.93
2.705260340591211,34.0,2.88
2.792526803190927,34.0,2.78
2.8797932657906435,34.0,2.64
2.9670597283903604,34.0,2.54
3.0543261909900767,34.0,2.49
3.141592653589793,34.0,2.49
3.2288591161895095,34.0,2.34
3.3161255787892263,34.0,2.3
3.4033920413889427,34.0,2.3
3.490658503988659,34.0,2.2
3.5779249665883754,34.0,2.15
3.6651914291880923,34.0,2.2
3.7524578917878086,34.0,2.15
3.839724354387525,34.0,2.1
3.9269908169872414,34.0,2.1
4.014257279586958,34.0,2.05
4.101523742186674,34.0,1.9
4.1887902047863905,34.0,2.0
4.276056667386108,34.0,2.1
4.363323129985824,34.0,1.9
4.4505895925855405,34.0,2.0
4.537856055185257,34.0,1.95
4.625122517784973,34.0,1.95
4.71238898038469,34.0,2.05
4.799655442984406,34.0,2.1
4.886921905584122,34.0,2.1
4.974188368183839,34.0,2.2
5.061454830783556,34.0,2.2
5.1487212933832724,34.0,2.25
5.235987755982989,34.0,2.34
5.323254218582705,34.0,2.39
5.410520681182422,34.0,2.59
5.497787143782138,34.0,2.74
5.585053606381854,34.0,2.83
5.672320068981571,34.0,2.98
5.759586531581287,34.0,3.08
5.846852994181004,34.0,3.08
5.934119456780721,34.0,3.17
6.021385919380437,34.0,3.32
6.1086523819801535,34.0,3.37
6.19591884457987,34.0,3.42
